user_id,full_name,month,total_expenses,total_income
1026,Brenda Kamau,2025-01,37944.25,49654.05
1026,Brenda Kamau,2025-02,23465.41,50832.64
1026,Brenda Kamau,2025-03,59153.270000000004,68264.53
1026,Brenda Kamau,2025-04,14398.63,47833.22
1026,Brenda Kamau,2025-05,29273.84,44906.9
1026,Brenda Kamau,2025-06,43187.12,46950.98
1026,Brenda Kamau,2025-07,11700.02,50198.94
1026,Brenda Kamau,2025-08,29649.739999999998,58242.39
1026,Brenda Kamau,2025-09,17708.7,67905.27
1026,Brenda Kamau,2025-10,0.0,46895.2
1026,Brenda Kamau,2025-11,13859.64,46085.91
1026,Brenda Kamau,2025-12,23498.25,62040.06
1102,Brenda Mutiso,2025-01,55476.59,274373.64
1102,Brenda Mutiso,2025-02,37564.02,225205.45
1102,Brenda Mutiso,2025-03,21221.59,361961.23
1102,Brenda Mutiso,2025-04,24150.96,219839.31
1102,Brenda Mutiso,2025-05,16128.53,256270.09
1102,Brenda Mutiso,2025-06,45232.34,231690.62
1102,Brenda Mutiso,2025-07,38548.13,229771.69
1102,Brenda Mutiso,2025-08,39650.1,214867.73
1102,Brenda Mutiso,2025-09,18473.4,203728.59
1102,Brenda Mutiso,2025-10,63627.18,264120.0
1102,Brenda Mutiso,2025-11,62154.03,221141.36
1102,Brenda Mutiso,2025-12,48668.46,213424.11
1108,Linet Otieno,2025-01,43853.83,163803.85
1108,Linet Otieno,2025-02,28076.93,315523.05000000005
1108,Linet Otieno,2025-03,29374.01,176701.73
1108,Linet Otieno,2025-04,16174.06,167976.11
1108,Linet Otieno,2025-05,34634.520000000004,167147.37
1108,Linet Otieno,2025-06,24082.27,156109.45
1108,Linet Otieno,2025-07,31102.79,213621.18000000002
1108,Linet Otieno,2025-08,19760.02,161105.95
1108,Linet Otieno,2025-09,37438.869999999995,153116.36
1108,Linet Otieno,2025-10,37136.31,159351.51
1108,Linet Otieno,2025-11,38225.19,150050.97
1108,Linet Otieno,2025-12,16109.119999999999,156038.25
1122,Faith Kamau,2025-01,18118.68,122230.23
1122,Faith Kamau,2025-02,2834.76,141539.66
1122,Faith Kamau,2025-03,14867.44,117035.42
1122,Faith Kamau,2025-04,13192.72,115696.0
1122,Faith Kamau,2025-05,26418.45,101852.56
1122,Faith Kamau,2025-06,0.0,112797.48
1122,Faith Kamau,2025-07,0.0,159150.34
1122,Faith Kamau,2025-08,21584.74,121207.91
1122,Faith Kamau,2025-09,31051.81,104112.58
1122,Faith Kamau,2025-10,48670.86,116596.15
1122,Faith Kamau,2025-11,358.68,121592.93
1122,Faith Kamau,2025-12,1761.44,111629.25
1130,Sammy Otieno,2025-01,37410.65,200848.52
1130,Sammy Otieno,2025-02,0.0,201731.28999999998
1130,Sammy Otieno,2025-03,34669.82,227625.62
1130,Sammy Otieno,2025-04,6481.75,152824.88
1130,Sammy Otieno,2025-05,33494.36,171318.12
1130,Sammy Otieno,2025-06,62486.94,168371.36
1130,Sammy Otieno,2025-07,12092.64,167464.22
1130,Sammy Otieno,2025-08,31569.75,157143.21
1130,Sammy Otieno,2025-09,51175.06,279356.41
1130,Sammy Otieno,2025-10,40991.44,179470.79
1130,Sammy Otieno,2025-11,40515.42,174044.45
1130,Sammy Otieno,2025-12,32335.01,165798.73
1177,Mwende Ouma,2025-01,48745.65,48883.57
1177,Mwende Ouma,2025-02,30859.54,37840.52
1177,Mwende Ouma,2025-03,36270.2,39313.0
1177,Mwende Ouma,2025-04,24122.59,54416.21
1177,Mwende Ouma,2025-05,21613.16,41850.86
1177,Mwende Ouma,2025-06,980.64,64462.81999999999
1177,Mwende Ouma,2025-07,31465.86,37164.86
1177,Mwende Ouma,2025-08,11564.37,38056.9
1177,Mwende Ouma,2025-09,18853.29,52975.76
1177,Mwende Ouma,2025-10,19031.56,40554.68
1177,Mwende Ouma,2025-11,39055.71,41261.86
1177,Mwende Ouma,2025-12,58070.1,38874.27
1322,Eric Koech,2025-01,23910.07,57201.26
1322,Eric Koech,2025-02,16408.23,60331.56
1322,Eric Koech,2025-03,28180.489999999998,61034.64
1322,Eric Koech,2025-04,34049.02,57296.3
1322,Eric Koech,2025-05,17921.86,57395.63
1322,Eric Koech,2025-06,55970.63,82765.40000000001
1322,Eric Koech,2025-07,33521.200000000004,79775.24
1322,Eric Koech,2025-08,32780.54,62183.94
1322,Eric Koech,2025-09,39407.29,82621.20999999999
1322,Eric Koech,2025-10,40027.71,57269.3
1322,Eric Koech,2025-11,27541.23,53705.99
1322,Eric Koech,2025-12,40529.39,59560.05
1356,Wanja Ouma,2025-01,54180.740000000005,188716.51
1356,Wanja Ouma,2025-02,23000.949999999997,104973.95
1356,Wanja Ouma,2025-03,68731.94,132582.94
1356,Wanja Ouma,2025-04,14578.91,126363.8
1356,Wanja Ouma,2025-05,21683.760000000002,102243.54
1356,Wanja Ouma,2025-06,23183.44,191495.41999999998
1356,Wanja Ouma,2025-07,36515.33,104769.06
1356,Wanja Ouma,2025-08,9465.38,97783.72
1356,Wanja Ouma,2025-09,6537.13,105777.46
1356,Wanja Ouma,2025-10,49847.28,105347.95
1356,Wanja Ouma,2025-11,2769.61,92903.81
1356,Wanja Ouma,2025-12,19573.69,101120.67
1379,David Wafula,2025-01,0.0,196534.54
1379,David Wafula,2025-02,0.0,205866.06
1379,David Wafula,2025-03,17946.2,210291.67
1379,David Wafula,2025-04,16055.92,265802.44
1379,David Wafula,2025-05,24524.41,180292.9
1379,David Wafula,2025-06,485.13,200464.88
1379,David Wafula,2025-07,11026.31,207607.06999999998
1379,David Wafula,2025-08,14623.59,208507.98
1379,David Wafula,2025-09,14803.359999999999,205145.32
1379,David Wafula,2025-10,25418.31,180447.67
1379,David Wafula,2025-11,13255.18,262833.7
1379,David Wafula,2025-12,15144.05,196786.13
1383,Michael Kariuki,2025-01,21161.81,172769.95
1383,Michael Kariuki,2025-02,5491.86,187428.2
1383,Michael Kariuki,2025-03,18747.39,187896.86
1383,Michael Kariuki,2025-04,8431.18,176453.77
1383,Michael Kariuki,2025-05,23681.420000000002,183744.79
1383,Michael Kariuki,2025-06,16321.22,189671.07
1383,Michael Kariuki,2025-07,13314.72,190884.0
1383,Michael Kariuki,2025-08,20880.89,168720.06
1383,Michael Kariuki,2025-09,12545.94,171217.68
1383,Michael Kariuki,2025-10,26930.6,184105.94
1383,Michael Kariuki,2025-11,63810.39,201495.18
1383,Michael Kariuki,2025-12,25260.660000000003,162677.26
1396,Naomi Njoroge,2025-01,47753.03,50640.74
1396,Naomi Njoroge,2025-02,52801.94,48534.18
1396,Naomi Njoroge,2025-03,20764.18,57963.840000000004
1396,Naomi Njoroge,2025-04,42576.6,46088.21
1396,Naomi Njoroge,2025-05,14868.86,57873.88
1396,Naomi Njoroge,2025-06,71587.89,46296.04
1396,Naomi Njoroge,2025-07,57727.54,58095.5
1396,Naomi Njoroge,2025-08,43344.49,67350.75
1396,Naomi Njoroge,2025-09,26479.36,46521.03
1396,Naomi Njoroge,2025-10,29063.18,49252.11
1396,Naomi Njoroge,2025-11,30013.79,46760.18
1396,Naomi Njoroge,2025-12,45420.69,54003.99
1418,David Mwangi,2025-01,22118.68,176340.83
1418,David Mwangi,2025-02,25196.22,188924.94
1418,David Mwangi,2025-03,12029.38,170169.12
1418,David Mwangi,2025-04,41036.71,212511.6
1418,David Mwangi,2025-05,96972.44,237596.94999999998
1418,David Mwangi,2025-06,4739.51,176263.96
1418,David Mwangi,2025-07,18692.12,178031.49
1418,David Mwangi,2025-08,14681.93,189219.56
1418,David Mwangi,2025-09,23081.88,237527.28
1418,David Mwangi,2025-10,32201.170000000002,174027.14
1418,David Mwangi,2025-11,22243.2,184959.24
1418,David Mwangi,2025-12,77486.11,238834.32
1419,Faith Koech,2025-01,19307.25,88665.87
1419,Faith Koech,2025-02,26413.910000000003,99852.92
1419,Faith Koech,2025-03,17791.88,135991.63
1419,Faith Koech,2025-04,210.45,99967.36
1419,Faith Koech,2025-05,0.0,94361.69
1419,Faith Koech,2025-06,26268.6,97666.8
1419,Faith Koech,2025-07,0.0,93439.58
1419,Faith Koech,2025-08,63442.01,94682.43
1419,Faith Koech,2025-09,12118.45,103803.17
1419,Faith Koech,2025-10,30331.72,103842.69
1419,Faith Koech,2025-11,12131.83,100013.56
1419,Faith Koech,2025-12,41115.63,118713.14
1456,James Mutiso,2025-01,41725.89,45786.84
1456,James Mutiso,2025-02,10168.52,52147.28
1456,James Mutiso,2025-03,33000.119999999995,46552.6
1456,James Mutiso,2025-04,35994.11,52516.17
1456,James Mutiso,2025-05,1719.54,50028.29
1456,James Mutiso,2025-06,82697.44,48736.93
1456,James Mutiso,2025-07,52773.47,47317.21
1456,James Mutiso,2025-08,22095.03,48059.82
1456,James Mutiso,2025-09,29579.93,47363.05
1456,James Mutiso,2025-10,13642.73,57076.42
1456,James Mutiso,2025-11,10199.61,47575.05
1456,James Mutiso,2025-12,50571.05,68749.09
1511,Wanja Mwangi,2025-01,52015.96,186631.31
1511,Wanja Mwangi,2025-02,19085.72,119005.93
1511,Wanja Mwangi,2025-03,48166.13,118056.5
1511,Wanja Mwangi,2025-04,26020.54,137452.6
1511,Wanja Mwangi,2025-05,22425.19,132096.53
1511,Wanja Mwangi,2025-06,12322.529999999999,132928.35
1511,Wanja Mwangi,2025-07,4122.93,140649.01
1511,Wanja Mwangi,2025-08,1457.62,160378.71
1511,Wanja Mwangi,2025-09,33649.62,118677.77
1511,Wanja Mwangi,2025-10,51023.54,124019.2
1511,Wanja Mwangi,2025-11,25147.57,130984.06999999999
1511,Wanja Mwangi,2025-12,34983.85,156411.83
1571,George Chebet,2025-01,35300.54,209001.8
1571,George Chebet,2025-02,0.0,194931.56
1571,George Chebet,2025-03,13134.46,219660.21
1571,George Chebet,2025-04,33334.71,206727.07
1571,George Chebet,2025-05,0.0,213958.21
1571,George Chebet,2025-06,17638.35,214724.47
1571,George Chebet,2025-07,18414.36,222073.72
1571,George Chebet,2025-08,16729.46,226139.29
1571,George Chebet,2025-09,24217.61,232290.83
1571,George Chebet,2025-10,33228.47,195973.61
1571,George Chebet,2025-11,21351.93,211098.03
1571,George Chebet,2025-12,68611.45,385757.08
1636,Sammy Chebet,2025-01,17852.64,51672.21
1636,Sammy Chebet,2025-02,29330.989999999998,58599.4
1636,Sammy Chebet,2025-03,28210.489999999998,49506.54
1636,Sammy Chebet,2025-04,49260.6,50056.96
1636,Sammy Chebet,2025-05,28412.49,62904.479999999996
1636,Sammy Chebet,2025-06,13080.37,57841.51
1636,Sammy Chebet,2025-07,64980.97,51169.3
1636,Sammy Chebet,2025-08,32413.5,60044.94
1636,Sammy Chebet,2025-09,24054.2,53744.62
1636,Sammy Chebet,2025-10,22900.55,53319.81
1636,Sammy Chebet,2025-11,32655.0,51921.35
1636,Sammy Chebet,2025-12,16682.49,53121.33
1653,Mercy Mwangi,2025-01,15688.32,28693.09
1653,Mercy Mwangi,2025-02,24411.92,27880.82
1653,Mercy Mwangi,2025-03,30063.45,25736.16
1653,Mercy Mwangi,2025-04,58547.96,26659.85
1653,Mercy Mwangi,2025-05,14221.62,29923.98
1653,Mercy Mwangi,2025-06,9324.77,24950.02
1653,Mercy Mwangi,2025-07,29333.23,26035.76
1653,Mercy Mwangi,2025-08,15005.08,33569.79
1653,Mercy Mwangi,2025-09,11573.59,24279.17
1653,Mercy Mwangi,2025-10,38973.05,29170.28
1653,Mercy Mwangi,2025-11,30519.710000000003,30837.99
1653,Mercy Mwangi,2025-12,27629.66,24518.72
1787,Tom Kilonzo,2025-01,26259.15,222934.37
1787,Tom Kilonzo,2025-02,31357.73,215364.08
1787,Tom Kilonzo,2025-03,9834.93,204377.36
1787,Tom Kilonzo,2025-04,30079.05,174499.26
1787,Tom Kilonzo,2025-05,11884.21,199975.99
1787,Tom Kilonzo,2025-06,61859.16,182473.74
1787,Tom Kilonzo,2025-07,24255.34,207583.44
1787,Tom Kilonzo,2025-08,8470.33,223755.21
1787,Tom Kilonzo,2025-09,42066.01,176205.3
1787,Tom Kilonzo,2025-10,31685.89,198178.59
1787,Tom Kilonzo,2025-11,35979.4,201166.02
1787,Tom Kilonzo,2025-12,64648.87,177043.67
1814,Cynthia Njoroge,2025-01,8024.27,118070.02
1814,Cynthia Njoroge,2025-02,1187.62,140591.08
1814,Cynthia Njoroge,2025-03,22111.559999999998,137503.9
1814,Cynthia Njoroge,2025-04,12014.33,160052.05
1814,Cynthia Njoroge,2025-05,54117.46000000001,132596.68
1814,Cynthia Njoroge,2025-06,12547.07,127981.01
1814,Cynthia Njoroge,2025-07,34347.19,138448.85
1814,Cynthia Njoroge,2025-08,32959.619999999995,215038.23
1814,Cynthia Njoroge,2025-09,22596.870000000003,218393.33
1814,Cynthia Njoroge,2025-10,20568.829999999998,162553.68
1814,Cynthia Njoroge,2025-11,54189.64,169460.91
1814,Cynthia Njoroge,2025-12,41973.04,133134.32
1881,John Koech,2025-01,0.0,85411.36
1881,John Koech,2025-02,0.0,95473.31
1881,John Koech,2025-03,64858.15,136827.08000000002
1881,John Koech,2025-04,22914.0,112010.94
1881,John Koech,2025-05,41731.71,92721.61
1881,John Koech,2025-06,0.0,112608.71
1881,John Koech,2025-07,12751.45,102704.92
1881,John Koech,2025-08,2720.02,86314.31
1881,John Koech,2025-09,14828.85,90799.59
1881,John Koech,2025-10,39153.71,91986.44
1881,John Koech,2025-11,19711.14,118166.15
1881,John Koech,2025-12,28226.03,101428.08
1895,Aisha Otieno,2025-01,16256.46,210357.16
1895,Aisha Otieno,2025-02,0.0,187829.4
1895,Aisha Otieno,2025-03,12731.24,175492.27
1895,Aisha Otieno,2025-04,24235.92,226339.17
1895,Aisha Otieno,2025-05,52910.41,181263.91
1895,Aisha Otieno,2025-06,5003.69,245781.07
1895,Aisha Otieno,2025-07,14211.27,203709.44
1895,Aisha Otieno,2025-08,26485.98,181263.0
1895,Aisha Otieno,2025-09,108006.62,220413.19
1895,Aisha Otieno,2025-10,92521.52,251827.61
1895,Aisha Otieno,2025-11,47053.9,180524.79
1895,Aisha Otieno,2025-12,46172.82,275840.88
1902,Mary Mutiso,2025-01,34169.71,207551.56
1902,Mary Mutiso,2025-02,85153.81,218944.1
1902,Mary Mutiso,2025-03,36742.78,208869.17
1902,Mary Mutiso,2025-04,39726.67,252948.13999999998
1902,Mary Mutiso,2025-05,35984.76,206284.95
1902,Mary Mutiso,2025-06,35340.090000000004,222919.63
1902,Mary Mutiso,2025-07,42058.1,245255.63
1902,Mary Mutiso,2025-08,37229.16,291534.11
1902,Mary Mutiso,2025-09,53801.85,205345.3
1902,Mary Mutiso,2025-10,16765.72,268341.5
1902,Mary Mutiso,2025-11,54371.35,239327.58
1902,Mary Mutiso,2025-12,19714.18,225661.45
1914,Faith Mutiso,2025-01,57779.91,63943.9
1914,Faith Mutiso,2025-02,43789.18,45176.66
1914,Faith Mutiso,2025-03,22257.14,49203.05
1914,Faith Mutiso,2025-04,27708.17,49698.38
1914,Faith Mutiso,2025-05,26014.85,50675.07
1914,Faith Mutiso,2025-06,14214.34,48668.36
1914,Faith Mutiso,2025-07,14240.259999999998,45589.65
1914,Faith Mutiso,2025-08,13530.45,81269.46
1914,Faith Mutiso,2025-09,7545.72,49921.96
1914,Faith Mutiso,2025-10,31672.329999999998,65590.01999999999
1914,Faith Mutiso,2025-11,12380.48,44954.29
1914,Faith Mutiso,2025-12,23085.83,63880.46
1952,Kevin Mutiso,2025-01,6699.78,129820.34
1952,Kevin Mutiso,2025-02,57827.94,168343.84
1952,Kevin Mutiso,2025-03,40898.65,122825.05
1952,Kevin Mutiso,2025-04,42751.729999999996,122597.19
1952,Kevin Mutiso,2025-05,12362.189999999999,112268.88
1952,Kevin Mutiso,2025-06,0.0,132020.09
1952,Kevin Mutiso,2025-07,38026.08,114036.52
1952,Kevin Mutiso,2025-08,37701.02,114570.66
1952,Kevin Mutiso,2025-09,4920.78,119073.91
1952,Kevin Mutiso,2025-10,18798.41,134876.56
1952,Kevin Mutiso,2025-11,65867.39,125726.51999999999
1952,Kevin Mutiso,2025-12,3794.14,132315.80000000002
2003,Eric Mwangi,2025-01,37893.53,184924.64
2003,Eric Mwangi,2025-02,28521.870000000003,206200.1
2003,Eric Mwangi,2025-03,39951.340000000004,178205.42
2003,Eric Mwangi,2025-04,0.0,210354.04
2003,Eric Mwangi,2025-05,3813.62,226721.45
2003,Eric Mwangi,2025-06,0.0,207554.54
2003,Eric Mwangi,2025-07,12342.81,181269.24
2003,Eric Mwangi,2025-08,777.85,217189.75
2003,Eric Mwangi,2025-09,18837.879999999997,191244.66
2003,Eric Mwangi,2025-10,29876.58,264266.86
2003,Eric Mwangi,2025-11,9822.51,194688.55
2003,Eric Mwangi,2025-12,42252.95,193627.88
2083,Wanja Ochieng,2025-01,1835.61,113942.09
2083,Wanja Ochieng,2025-02,29317.059999999998,114627.98
2083,Wanja Ochieng,2025-03,20410.41,119355.9
2083,Wanja Ochieng,2025-04,0.0,111662.78
2083,Wanja Ochieng,2025-05,42141.54,106625.0
2083,Wanja Ochieng,2025-06,15626.74,107027.87
2083,Wanja Ochieng,2025-07,32820.74,125560.57
2083,Wanja Ochieng,2025-08,0.0,120160.18
2083,Wanja Ochieng,2025-09,6630.08,121502.28
2083,Wanja Ochieng,2025-10,553.42,115038.65
2083,Wanja Ochieng,2025-11,22710.13,130273.02
2083,Wanja Ochieng,2025-12,40489.03,126708.35
2126,Sammy Ochieng,2025-01,9570.85,128065.18
2126,Sammy Ochieng,2025-02,10669.33,108424.01
2126,Sammy Ochieng,2025-03,14192.460000000001,169541.52000000002
2126,Sammy Ochieng,2025-04,0.0,109630.74
2126,Sammy Ochieng,2025-05,18058.34,119763.34
2126,Sammy Ochieng,2025-06,0.0,115432.54
2126,Sammy Ochieng,2025-07,1190.5,114316.31
2126,Sammy Ochieng,2025-08,26996.33,110446.27
2126,Sammy Ochieng,2025-09,0.0,119843.6
2126,Sammy Ochieng,2025-10,30969.43,165672.95
2126,Sammy Ochieng,2025-11,25743.03,107680.26
2126,Sammy Ochieng,2025-12,22249.03,152473.61
2138,Grace Wafula,2025-01,25545.949999999997,156060.02000000002
2138,Grace Wafula,2025-02,29814.53,142565.31
2138,Grace Wafula,2025-03,20776.75,145404.84
2138,Grace Wafula,2025-04,51957.27,148438.67
2138,Grace Wafula,2025-05,33931.12,138234.79
2138,Grace Wafula,2025-06,7209.97,125503.01
2138,Grace Wafula,2025-07,40590.92,136703.88
2138,Grace Wafula,2025-08,8795.98,174540.62
2138,Grace Wafula,2025-09,13775.63,145140.21
2138,Grace Wafula,2025-10,17333.8,131049.33
2138,Grace Wafula,2025-11,16021.63,131058.69
2138,Grace Wafula,2025-12,40247.189999999995,163573.8
2139,Eric Mwangi,2025-01,13069.92,79884.35
2139,Eric Mwangi,2025-02,13383.59,89967.39
2139,Eric Mwangi,2025-03,14895.579999999998,109353.36
2139,Eric Mwangi,2025-04,14406.78,93445.48
2139,Eric Mwangi,2025-05,0.0,89711.43
2139,Eric Mwangi,2025-06,19185.44,118441.79
2139,Eric Mwangi,2025-07,22003.02,99236.34999999999
2139,Eric Mwangi,2025-08,49427.81,94451.44
2139,Eric Mwangi,2025-09,30466.58,82752.91
2139,Eric Mwangi,2025-10,85589.45,92107.9
2139,Eric Mwangi,2025-11,69268.77,94542.37
2139,Eric Mwangi,2025-12,42005.89,98363.48999999999
2200,Sammy Ouma,2025-01,58923.72,129300.54
2200,Sammy Ouma,2025-02,1991.26,110388.1
2200,Sammy Ouma,2025-03,13171.73,112339.28
2200,Sammy Ouma,2025-04,44446.95,113382.43
2200,Sammy Ouma,2025-05,29995.33,199380.27000000002
2200,Sammy Ouma,2025-06,10847.5,130333.68
2200,Sammy Ouma,2025-07,22307.510000000002,110661.13
2200,Sammy Ouma,2025-08,0.0,114836.8
2200,Sammy Ouma,2025-09,14658.39,126358.3
2200,Sammy Ouma,2025-10,3586.89,111611.25
2200,Sammy Ouma,2025-11,0.0,125790.65
2200,Sammy Ouma,2025-12,4311.69,131413.99
2378,Ann Kamau,2025-01,6920.5,175168.09
2378,Ann Kamau,2025-02,20603.11,182162.18
2378,Ann Kamau,2025-03,10108.09,198533.98
2378,Ann Kamau,2025-04,19467.07,199127.29
2378,Ann Kamau,2025-05,12582.25,173923.15
2378,Ann Kamau,2025-06,33396.42,196578.97
2378,Ann Kamau,2025-07,39113.47,172945.56
2378,Ann Kamau,2025-08,17973.86,191420.05
2378,Ann Kamau,2025-09,29885.9,235486.68
2378,Ann Kamau,2025-10,19283.84,168747.46
2378,Ann Kamau,2025-11,0.0,230407.37
2378,Ann Kamau,2025-12,0.0,263415.95999999996
2393,Ruth Ochieng,2025-01,61114.6,229877.69
2393,Ruth Ochieng,2025-02,62927.46,248714.2
2393,Ruth Ochieng,2025-03,32516.69,231713.95
2393,Ruth Ochieng,2025-04,29842.7,216247.04
2393,Ruth Ochieng,2025-05,50514.28,306458.0
2393,Ruth Ochieng,2025-06,40951.27,205360.44
2393,Ruth Ochieng,2025-07,36717.97,224085.82
2393,Ruth Ochieng,2025-08,20293.510000000002,232576.3
2393,Ruth Ochieng,2025-09,17902.34,201781.23
2393,Ruth Ochieng,2025-10,33397.22,271151.27
2393,Ruth Ochieng,2025-11,18722.2,257631.31
2393,Ruth Ochieng,2025-12,68052.5,212599.6
2408,Jane Njoroge,2025-01,32948.89,150620.26
2408,Jane Njoroge,2025-02,23594.59,131851.55
2408,Jane Njoroge,2025-03,18893.06,137347.4
2408,Jane Njoroge,2025-04,24741.129999999997,129160.97
2408,Jane Njoroge,2025-05,23446.260000000002,131818.84
2408,Jane Njoroge,2025-06,23792.25,247461.12
2408,Jane Njoroge,2025-07,25952.079999999998,154816.54
2408,Jane Njoroge,2025-08,27589.15,145176.2
2408,Jane Njoroge,2025-09,6227.15,212089.86
2408,Jane Njoroge,2025-10,65602.37,141222.09
2408,Jane Njoroge,2025-11,22966.010000000002,146969.68
2408,Jane Njoroge,2025-12,34690.67,147789.58
2470,David Kariuki,2025-01,47134.81,30975.18
2470,David Kariuki,2025-02,16219.64,32386.74
2470,David Kariuki,2025-03,55485.16,41179.299999999996
2470,David Kariuki,2025-04,50741.1,29357.06
2470,David Kariuki,2025-05,30931.96,30680.07
2470,David Kariuki,2025-06,20246.36,34391.74
2470,David Kariuki,2025-07,0.0,29712.41
2470,David Kariuki,2025-08,29412.46,30211.68
2470,David Kariuki,2025-09,15402.189999999999,39815.09
2470,David Kariuki,2025-10,12681.23,32122.86
2470,David Kariuki,2025-11,22940.780000000002,33067.3
2470,David Kariuki,2025-12,18024.27,33802.38
2481,Joy Wafula,2025-01,26113.42,216151.54
2481,Joy Wafula,2025-02,14497.56,218412.35
2481,Joy Wafula,2025-03,14880.26,221908.47
2481,Joy Wafula,2025-04,2112.73,218552.37
2481,Joy Wafula,2025-05,17983.11,227226.59
2481,Joy Wafula,2025-06,0.0,242334.37
2481,Joy Wafula,2025-07,62534.240000000005,223193.78
2481,Joy Wafula,2025-08,6671.51,229112.36
2481,Joy Wafula,2025-09,11313.88,216147.79
2481,Joy Wafula,2025-10,35504.75,219381.11
2481,Joy Wafula,2025-11,33941.12,227796.7
2481,Joy Wafula,2025-12,0.0,204510.86
2550,Daniel Mutua,2025-01,26532.34,248282.75
2550,Daniel Mutua,2025-02,66274.52,287814.06
2550,Daniel Mutua,2025-03,44097.46000000001,234020.5
2550,Daniel Mutua,2025-04,58237.630000000005,192077.06
2550,Daniel Mutua,2025-05,3437.7,219923.99
2550,Daniel Mutua,2025-06,13752.82,204294.51
2550,Daniel Mutua,2025-07,54017.81,224150.11
2550,Daniel Mutua,2025-08,33743.25,208182.51
2550,Daniel Mutua,2025-09,16276.02,269886.76
2550,Daniel Mutua,2025-10,22170.52,222734.57
2550,Daniel Mutua,2025-11,54230.51,219047.42
2550,Daniel Mutua,2025-12,44648.659999999996,240241.37
2556,David Otieno,2025-01,49227.71,157687.89
2556,David Otieno,2025-02,72635.01,140401.52
2556,David Otieno,2025-03,16783.19,144038.16
2556,David Otieno,2025-04,43687.79,142154.44
2556,David Otieno,2025-05,1798.58,146105.96
2556,David Otieno,2025-06,19832.54,148284.37
2556,David Otieno,2025-07,26960.850000000002,129587.27
2556,David Otieno,2025-08,46758.81,126101.25
2556,David Otieno,2025-09,3251.18,143601.67
2556,David Otieno,2025-10,58049.770000000004,136107.29
2556,David Otieno,2025-11,12980.0,144008.3
2556,David Otieno,2025-12,22638.550000000003,194749.66
2718,George Koech,2025-01,19971.54,38814.89
2718,George Koech,2025-02,47698.18,39698.58
2718,George Koech,2025-03,23630.61,38796.1
2718,George Koech,2025-04,47941.89,40247.91
2718,George Koech,2025-05,628.45,41400.55
2718,George Koech,2025-06,61511.880000000005,43674.53
2718,George Koech,2025-07,35522.72,51357.979999999996
2718,George Koech,2025-08,21529.11,53314.67
2718,George Koech,2025-09,77884.31,39754.38
2718,George Koech,2025-10,42909.37,39455.29
2718,George Koech,2025-11,65481.9,38234.82
2718,George Koech,2025-12,63368.649999999994,49175.979999999996
2728,Sammy Chebet,2025-01,40011.79,116939.49
2728,Sammy Chebet,2025-02,14327.64,109771.8
2728,Sammy Chebet,2025-03,19980.82,111888.54
2728,Sammy Chebet,2025-04,17635.47,114691.85
2728,Sammy Chebet,2025-05,50855.62,103164.07
2728,Sammy Chebet,2025-06,24536.32,99335.83
2728,Sammy Chebet,2025-07,46009.86,153416.08000000002
2728,Sammy Chebet,2025-08,8588.45,102976.34
2728,Sammy Chebet,2025-09,640.61,178700.4
2728,Sammy Chebet,2025-10,35886.26,103089.26
2728,Sammy Chebet,2025-11,15078.31,119213.35
2728,Sammy Chebet,2025-12,18613.03,114378.63
2731,Grace Chebet,2025-01,13915.92,135377.81
2731,Grace Chebet,2025-02,28432.44,205671.79
2731,Grace Chebet,2025-03,29504.93,128034.14
2731,Grace Chebet,2025-04,19858.55,136465.89
2731,Grace Chebet,2025-05,37089.67,124079.32
2731,Grace Chebet,2025-06,32801.72,145194.71
2731,Grace Chebet,2025-07,16792.190000000002,185569.69999999998
2731,Grace Chebet,2025-08,7798.65,188113.86000000002
2731,Grace Chebet,2025-09,38368.43,140912.52
2731,Grace Chebet,2025-10,37341.92,136413.53
2731,Grace Chebet,2025-11,41310.31,132619.58
2731,Grace Chebet,2025-12,0.0,135651.53
2839,Naomi Chebet,2025-01,58759.57,72475.87
2839,Naomi Chebet,2025-02,32880.98,70393.87
2839,Naomi Chebet,2025-03,14244.53,100022.73
2839,Naomi Chebet,2025-04,4253.29,80036.26
2839,Naomi Chebet,2025-05,52634.13,83926.37
2839,Naomi Chebet,2025-06,26357.42,100174.44
2839,Naomi Chebet,2025-07,22603.329999999998,80162.83
2839,Naomi Chebet,2025-08,44627.64,80810.05
2839,Naomi Chebet,2025-09,20404.44,70074.81
2839,Naomi Chebet,2025-10,44691.57,71364.83
2839,Naomi Chebet,2025-11,17453.77,83641.57
2839,Naomi Chebet,2025-12,31199.640000000003,75195.36
2881,Ann Mutua,2025-01,20421.24,311918.91
2881,Ann Mutua,2025-02,16454.99,314876.01
2881,Ann Mutua,2025-03,9549.14,228457.51
2881,Ann Mutua,2025-04,36393.61,256150.6
2881,Ann Mutua,2025-05,32415.89,239756.42
2881,Ann Mutua,2025-06,30768.36,309921.18
2881,Ann Mutua,2025-07,37600.35,219557.94
2881,Ann Mutua,2025-08,57921.9,229239.81
2881,Ann Mutua,2025-09,23227.79,285042.95
2881,Ann Mutua,2025-10,30923.550000000003,279340.54000000004
2881,Ann Mutua,2025-11,41562.71,341154.29
2881,Ann Mutua,2025-12,36980.36,381691.94
3069,Michael Njoroge,2025-01,16198.93,194677.12
3069,Michael Njoroge,2025-02,14250.84,226165.68
3069,Michael Njoroge,2025-03,44689.96,229664.65
3069,Michael Njoroge,2025-04,23263.04,219547.37
3069,Michael Njoroge,2025-05,13657.99,206031.88
3069,Michael Njoroge,2025-06,53467.83,274278.52999999997
3069,Michael Njoroge,2025-07,20962.44,284473.17
3069,Michael Njoroge,2025-08,13817.41,275016.71
3069,Michael Njoroge,2025-09,17553.5,199991.62
3069,Michael Njoroge,2025-10,36547.44,359434.29000000004
3069,Michael Njoroge,2025-11,31412.809999999998,234664.34
3069,Michael Njoroge,2025-12,29386.04,219024.07
3196,Linet Wafula,2025-01,20650.54,151286.52
3196,Linet Wafula,2025-02,12757.99,161586.35
3196,Linet Wafula,2025-03,72929.64,153035.87
3196,Linet Wafula,2025-04,56631.009999999995,189092.33
3196,Linet Wafula,2025-05,33886.81,180765.12
3196,Linet Wafula,2025-06,65247.549999999996,274536.8
3196,Linet Wafula,2025-07,23825.43,161223.73
3196,Linet Wafula,2025-08,19013.87,164277.28
3196,Linet Wafula,2025-09,33163.76,158645.01
3196,Linet Wafula,2025-10,18525.37,153795.05
3196,Linet Wafula,2025-11,57771.48,186026.41
3196,Linet Wafula,2025-12,31366.800000000003,210021.28
3232,Mary Wafula,2025-01,39601.31,263638.97
3232,Mary Wafula,2025-02,69933.68,245875.45
3232,Mary Wafula,2025-03,57855.71,227203.46
3232,Mary Wafula,2025-04,0.0,255247.51
3232,Mary Wafula,2025-05,16594.95,364493.6
3232,Mary Wafula,2025-06,29067.03,279823.95
3232,Mary Wafula,2025-07,9235.49,240710.29
3232,Mary Wafula,2025-08,3357.7,267970.25
3232,Mary Wafula,2025-09,13838.13,304325.86
3232,Mary Wafula,2025-10,0.0,265397.54
3232,Mary Wafula,2025-11,16086.970000000001,270775.91
3232,Mary Wafula,2025-12,19048.27,316767.20999999996
3233,Grace Kariuki,2025-01,6081.650000000001,259291.78999999998
3233,Grace Kariuki,2025-02,23861.25,189494.98
3233,Grace Kariuki,2025-03,29681.41,184100.58
3233,Grace Kariuki,2025-04,16721.08,258099.81999999998
3233,Grace Kariuki,2025-05,44437.35,269766.2
3233,Grace Kariuki,2025-06,37881.229999999996,174418.27
3233,Grace Kariuki,2025-07,9748.949999999999,201502.13999999998
3233,Grace Kariuki,2025-08,24264.14,195977.62
3233,Grace Kariuki,2025-09,26270.23,272233.22000000003
3233,Grace Kariuki,2025-10,33201.36,242152.0
3233,Grace Kariuki,2025-11,12977.06,223887.26
3233,Grace Kariuki,2025-12,0.0,186120.02
3261,Ann Mwangi,2025-01,16082.89,226579.12
3261,Ann Mwangi,2025-02,56948.49,259707.53
3261,Ann Mwangi,2025-03,13563.68,216564.03
3261,Ann Mwangi,2025-04,22127.079999999998,237508.80000000002
3261,Ann Mwangi,2025-05,24045.93,197763.73
3261,Ann Mwangi,2025-06,22754.55,201887.64
3261,Ann Mwangi,2025-07,21351.59,188469.88
3261,Ann Mwangi,2025-08,49144.14,191349.68
3261,Ann Mwangi,2025-09,48918.48,178273.01
3261,Ann Mwangi,2025-10,85967.35,206277.85
3261,Ann Mwangi,2025-11,38142.060000000005,272561.91000000003
3261,Ann Mwangi,2025-12,31638.21,235756.69
3298,Mwende Mwangi,2025-01,39092.31,208456.33
3298,Mwende Mwangi,2025-02,13422.45,197741.99000000002
3298,Mwende Mwangi,2025-03,15056.78,242739.88
3298,Mwende Mwangi,2025-04,31116.01,200211.37
3298,Mwende Mwangi,2025-05,17330.24,308362.10000000003
3298,Mwende Mwangi,2025-06,0.0,244888.81
3298,Mwende Mwangi,2025-07,0.0,198155.45
3298,Mwende Mwangi,2025-08,34279.35,210180.84
3298,Mwende Mwangi,2025-09,13178.980000000001,242757.2
3298,Mwende Mwangi,2025-10,0.0,211740.05
3298,Mwende Mwangi,2025-11,18713.8,191592.74
3298,Mwende Mwangi,2025-12,35591.94,223717.28
3364,Mwende Chebet,2025-01,42758.47,65733.77
3364,Mwende Chebet,2025-02,17976.64,88229.83
3364,Mwende Chebet,2025-03,30034.38,57254.22
3364,Mwende Chebet,2025-04,19298.81,61581.34
3364,Mwende Chebet,2025-05,10973.97,58403.42
3364,Mwende Chebet,2025-06,19289.42,63400.33
3364,Mwende Chebet,2025-07,12026.8,64017.83
3364,Mwende Chebet,2025-08,9639.98,66173.21
3364,Mwende Chebet,2025-09,13866.19,61726.49
3364,Mwende Chebet,2025-10,10506.09,63142.09
3364,Mwende Chebet,2025-11,25994.53,59854.23
3364,Mwende Chebet,2025-12,1885.98,57150.41
3413,Grace Ouma,2025-01,51626.97,146141.74
3413,Grace Ouma,2025-02,4302.69,109161.79
3413,Grace Ouma,2025-03,23502.72,141991.72999999998
3413,Grace Ouma,2025-04,33930.09,102269.77
3413,Grace Ouma,2025-05,46064.49,108094.13
3413,Grace Ouma,2025-06,8909.34,105276.24
3413,Grace Ouma,2025-07,3427.55,133241.29
3413,Grace Ouma,2025-08,19384.06,154928.41
3413,Grace Ouma,2025-09,22612.73,119148.83
3413,Grace Ouma,2025-10,24148.88,122767.62
3413,Grace Ouma,2025-11,92938.44,108041.62
3413,Grace Ouma,2025-12,1018.26,166194.38
3418,Brenda Otieno,2025-01,30710.109999999997,152574.17
3418,Brenda Otieno,2025-02,9097.57,106784.98
3418,Brenda Otieno,2025-03,34639.02,127380.52
3418,Brenda Otieno,2025-04,38378.42,122586.31000000001
3418,Brenda Otieno,2025-05,66364.02,114704.79000000001
3418,Brenda Otieno,2025-06,23250.36,115557.02
3418,Brenda Otieno,2025-07,55135.06,104560.6
3418,Brenda Otieno,2025-08,26187.83,118943.21
3418,Brenda Otieno,2025-09,0.0,112152.45
3418,Brenda Otieno,2025-10,20601.25,107666.85
3418,Brenda Otieno,2025-11,14074.14,110512.07
3418,Brenda Otieno,2025-12,11451.28,125235.12
3465,Kevin Kamau,2025-01,24657.34,84052.4
3465,Kevin Kamau,2025-02,18012.68,87049.79
3465,Kevin Kamau,2025-03,52453.520000000004,112669.31000000001
3465,Kevin Kamau,2025-04,39212.68,72954.47
3465,Kevin Kamau,2025-05,29383.37,84367.23
3465,Kevin Kamau,2025-06,19519.5,104086.23999999999
3465,Kevin Kamau,2025-07,38261.51,84730.98
3465,Kevin Kamau,2025-08,62415.13,108058.43000000001
3465,Kevin Kamau,2025-09,25709.43,85434.34
3465,Kevin Kamau,2025-10,49492.49,82870.48
3465,Kevin Kamau,2025-11,31991.97,77465.51
3465,Kevin Kamau,2025-12,36640.64,74586.79
3472,Daniel Koech,2025-01,33309.15,48223.06
3472,Daniel Koech,2025-02,7555.55,40800.91
3472,Daniel Koech,2025-03,0.0,37172.25
3472,Daniel Koech,2025-04,18021.6,33124.09
3472,Daniel Koech,2025-05,16922.42,33408.52
3472,Daniel Koech,2025-06,20294.72,52699.92
3472,Daniel Koech,2025-07,43772.11,38265.93
3472,Daniel Koech,2025-08,47626.03,33318.77
3472,Daniel Koech,2025-09,35247.21,38962.729999999996
3472,Daniel Koech,2025-10,11231.63,31207.46
3472,Daniel Koech,2025-11,14070.95,43022.51
3472,Daniel Koech,2025-12,34711.97,34005.19
3533,Tom Chebet,2025-01,19868.59,139024.82
3533,Tom Chebet,2025-02,42896.4,131904.58
3533,Tom Chebet,2025-03,65868.75,150705.98
3533,Tom Chebet,2025-04,22253.61,224845.82
3533,Tom Chebet,2025-05,30124.339999999997,138250.28
3533,Tom Chebet,2025-06,19521.04,223356.29
3533,Tom Chebet,2025-07,3739.16,139890.73
3533,Tom Chebet,2025-08,38755.68,148097.79
3533,Tom Chebet,2025-09,0.0,135765.82
3533,Tom Chebet,2025-10,49626.58,141190.44
3533,Tom Chebet,2025-11,33453.66,167992.40999999997
3533,Tom Chebet,2025-12,33442.0,148482.13
3574,David Obiero,2025-01,39287.07,112739.95
3574,David Obiero,2025-02,4187.78,107954.31
3574,David Obiero,2025-03,0.0,111113.16
3574,David Obiero,2025-04,54500.990000000005,179954.13
3574,David Obiero,2025-05,517.54,113633.47
3574,David Obiero,2025-06,15075.41,104570.97
3574,David Obiero,2025-07,28299.059999999998,133498.49
3574,David Obiero,2025-08,39080.72,122132.12
3574,David Obiero,2025-09,12308.880000000001,117221.79
3574,David Obiero,2025-10,0.0,100312.41
3574,David Obiero,2025-11,32270.1,99073.34
3574,David Obiero,2025-12,69843.72,135961.79
3619,Mwende Ochieng,2025-01,44371.630000000005,65843.09
3619,Mwende Ochieng,2025-02,0.0,56760.73
3619,Mwende Ochieng,2025-03,8133.99,70080.19
3619,Mwende Ochieng,2025-04,17034.85,64764.29
3619,Mwende Ochieng,2025-05,8730.3,64851.45
3619,Mwende Ochieng,2025-06,5670.96,55969.14
3619,Mwende Ochieng,2025-07,18538.0,83150.33
3619,Mwende Ochieng,2025-08,7715.16,65892.64
3619,Mwende Ochieng,2025-09,0.0,69961.41
3619,Mwende Ochieng,2025-10,10843.82,60568.17
3619,Mwende Ochieng,2025-11,40983.69,57181.55
3619,Mwende Ochieng,2025-12,6201.52,65833.7
3661,Terry Otieno,2025-01,24349.260000000002,224482.88
3661,Terry Otieno,2025-02,60754.7,245733.51
3661,Terry Otieno,2025-03,47086.89,257844.36
3661,Terry Otieno,2025-04,30487.76,263980.98
3661,Terry Otieno,2025-05,32646.47,292591.1
3661,Terry Otieno,2025-06,80080.48,236989.63999999998
3661,Terry Otieno,2025-07,40051.4,232819.3
3661,Terry Otieno,2025-08,12384.89,200258.97
3661,Terry Otieno,2025-09,46552.5,228801.64
3661,Terry Otieno,2025-10,45574.55,221330.95
3661,Terry Otieno,2025-11,43432.55,267629.7
3661,Terry Otieno,2025-12,14229.04,217071.6
3771,Aisha Mwangi,2025-01,26670.72,138391.38
3771,Aisha Mwangi,2025-02,25757.23,144866.88
3771,Aisha Mwangi,2025-03,13192.19,131925.63
3771,Aisha Mwangi,2025-04,0.0,140442.3
3771,Aisha Mwangi,2025-05,22321.36,145035.57
3771,Aisha Mwangi,2025-06,35697.4,122983.1
3771,Aisha Mwangi,2025-07,0.0,141982.26
3771,Aisha Mwangi,2025-08,31053.99,154506.86
3771,Aisha Mwangi,2025-09,17080.35,128787.52
3771,Aisha Mwangi,2025-10,6587.09,121155.98
3771,Aisha Mwangi,2025-11,40347.96,123410.66
3771,Aisha Mwangi,2025-12,42422.7,126260.44
3859,Terry Kariuki,2025-01,27755.82,124950.64
3859,Terry Kariuki,2025-02,7784.82,122683.62
3859,Terry Kariuki,2025-03,24441.86,159266.23
3859,Terry Kariuki,2025-04,17327.77,139746.15
3859,Terry Kariuki,2025-05,15326.27,139490.59
3859,Terry Kariuki,2025-06,27010.44,178705.72
3859,Terry Kariuki,2025-07,29395.73,130012.08
3859,Terry Kariuki,2025-08,16847.78,126033.81
3859,Terry Kariuki,2025-09,12674.460000000001,173118.85
3859,Terry Kariuki,2025-10,40686.44,136651.95
3859,Terry Kariuki,2025-11,7221.2,123978.24
3859,Terry Kariuki,2025-12,0.0,128338.62
3872,Grace Ochieng,2025-01,40252.94,76333.51999999999
3872,Grace Ochieng,2025-02,36109.45,64010.36
3872,Grace Ochieng,2025-03,18304.699999999997,61713.23
3872,Grace Ochieng,2025-04,13512.97,71297.48
3872,Grace Ochieng,2025-05,16943.84,78424.25
3872,Grace Ochieng,2025-06,29731.25,56633.42
3872,Grace Ochieng,2025-07,13741.27,60513.62
3872,Grace Ochieng,2025-08,49583.39,63343.23
3872,Grace Ochieng,2025-09,42215.91,74872.26000000001
3872,Grace Ochieng,2025-10,51751.9,100692.45
3872,Grace Ochieng,2025-11,4484.48,64948.55
3872,Grace Ochieng,2025-12,27628.23,59541.94
3932,Aisha Kilonzo,2025-01,42386.799999999996,115546.39
3932,Aisha Kilonzo,2025-02,46859.520000000004,106164.74
3932,Aisha Kilonzo,2025-03,7943.44,92076.19
3932,Aisha Kilonzo,2025-04,44854.0,94928.79
3932,Aisha Kilonzo,2025-05,18596.86,107043.65000000001
3932,Aisha Kilonzo,2025-06,50664.159999999996,133383.07
3932,Aisha Kilonzo,2025-07,43796.77,96388.82
3932,Aisha Kilonzo,2025-08,77107.19,101667.5
3932,Aisha Kilonzo,2025-09,47397.09,103753.92
3932,Aisha Kilonzo,2025-10,14765.12,89642.63
3932,Aisha Kilonzo,2025-11,32175.920000000002,133418.45
3932,Aisha Kilonzo,2025-12,22919.75,126694.91
3988,Joy Koech,2025-01,25797.870000000003,184803.56
3988,Joy Koech,2025-02,27926.88,193976.23
3988,Joy Koech,2025-03,0.0,252992.55000000002
3988,Joy Koech,2025-04,0.0,256392.22
3988,Joy Koech,2025-05,35266.92,184962.96
3988,Joy Koech,2025-06,0.0,203868.68
3988,Joy Koech,2025-07,10402.43,261399.09
3988,Joy Koech,2025-08,32022.07,219605.15
3988,Joy Koech,2025-09,0.0,309542.75
3988,Joy Koech,2025-10,13489.23,202559.01
3988,Joy Koech,2025-11,8896.03,188202.5
3988,Joy Koech,2025-12,11763.15,193447.29
4016,Peter Wafula,2025-01,12697.12,142334.63
4016,Peter Wafula,2025-02,15626.99,195384.89
4016,Peter Wafula,2025-03,34633.1,122579.79
4016,Peter Wafula,2025-04,21218.190000000002,130719.31
4016,Peter Wafula,2025-05,0.0,111060.51
4016,Peter Wafula,2025-06,34695.06,114887.45
4016,Peter Wafula,2025-07,22648.27,127243.12
4016,Peter Wafula,2025-08,11361.57,108445.84
4016,Peter Wafula,2025-09,24470.89,116351.14
4016,Peter Wafula,2025-10,60964.68,131846.6
4016,Peter Wafula,2025-11,34641.95,124118.89
4016,Peter Wafula,2025-12,12365.24,128037.64
4033,Wanja Otieno,2025-01,395.55,70974.18
4033,Wanja Otieno,2025-02,23026.18,88202.23000000001
4033,Wanja Otieno,2025-03,26821.53,63215.22
4033,Wanja Otieno,2025-04,28128.96,71200.9
4033,Wanja Otieno,2025-05,19210.6,66169.95
4033,Wanja Otieno,2025-06,17843.96,62867.39
4033,Wanja Otieno,2025-07,30640.88,69922.04
4033,Wanja Otieno,2025-08,11336.23,85418.41
4033,Wanja Otieno,2025-09,448.63,70277.53
4033,Wanja Otieno,2025-10,78146.91,74888.9
4033,Wanja Otieno,2025-11,47146.009999999995,81320.08
4033,Wanja Otieno,2025-12,22037.4,96492.62
4037,Kevin Njoroge,2025-01,21658.109999999997,47394.01
4037,Kevin Njoroge,2025-02,18055.399999999998,56759.05
4037,Kevin Njoroge,2025-03,45665.03,59940.56
4037,Kevin Njoroge,2025-04,5771.7,49026.43
4037,Kevin Njoroge,2025-05,49375.67,58318.350000000006
4037,Kevin Njoroge,2025-06,0.0,49724.54
4037,Kevin Njoroge,2025-07,35628.28,48731.85
4037,Kevin Njoroge,2025-08,0.0,48239.79
4037,Kevin Njoroge,2025-09,37047.66,50236.03
4037,Kevin Njoroge,2025-10,5015.11,52233.68
4037,Kevin Njoroge,2025-11,0.0,73453.69
4037,Kevin Njoroge,2025-12,14264.57,64735.26
4108,Ian Ochieng,2025-01,15504.279999999999,80293.7
4108,Ian Ochieng,2025-02,0.0,88582.85
4108,Ian Ochieng,2025-03,0.0,91868.89
4108,Ian Ochieng,2025-04,0.0,119288.52
4108,Ian Ochieng,2025-05,23363.91,93077.73
4108,Ian Ochieng,2025-06,4427.96,84388.27
4108,Ian Ochieng,2025-07,16486.71,95250.35
4108,Ian Ochieng,2025-08,46826.340000000004,86389.09
4108,Ian Ochieng,2025-09,38198.95,88217.81
4108,Ian Ochieng,2025-10,19460.6,79644.84
4108,Ian Ochieng,2025-11,6006.5599999999995,81986.95
4108,Ian Ochieng,2025-12,10516.81,91118.03
4127,Tom Kariuki,2025-01,19153.59,65737.63
4127,Tom Kariuki,2025-02,6922.77,67097.62
4127,Tom Kariuki,2025-03,15035.85,65732.56
4127,Tom Kariuki,2025-04,0.0,62277.34
4127,Tom Kariuki,2025-05,66913.62,62307.31
4127,Tom Kariuki,2025-06,31975.04,68432.95
4127,Tom Kariuki,2025-07,0.0,68716.06
4127,Tom Kariuki,2025-08,51633.689999999995,59047.23
4127,Tom Kariuki,2025-09,13280.43,57373.38
4127,Tom Kariuki,2025-10,1436.33,62680.29
4127,Tom Kariuki,2025-11,0.0,56828.98
4127,Tom Kariuki,2025-12,15104.87,59410.07
4300,Faith Mwangi,2025-01,35467.86,162330.58
4300,Faith Mwangi,2025-02,28292.34,160611.53
4300,Faith Mwangi,2025-03,15719.05,181327.41
4300,Faith Mwangi,2025-04,19181.6,167728.98
4300,Faith Mwangi,2025-05,26492.59,166836.56
4300,Faith Mwangi,2025-06,47601.549999999996,162867.73
4300,Faith Mwangi,2025-07,54661.159999999996,181280.12
4300,Faith Mwangi,2025-08,55795.06,173320.36
4300,Faith Mwangi,2025-09,29029.72,246201.76
4300,Faith Mwangi,2025-10,13404.130000000001,170626.59
4300,Faith Mwangi,2025-11,19928.43,181807.38
4300,Faith Mwangi,2025-12,14588.02,166717.96
4305,Ann Ouma,2025-01,40491.63,152965.19
4305,Ann Ouma,2025-02,13928.9,103938.54
4305,Ann Ouma,2025-03,20503.26,116583.14
4305,Ann Ouma,2025-04,36811.46,169566.66
4305,Ann Ouma,2025-05,50900.17,116558.8
4305,Ann Ouma,2025-06,64709.15,124410.72
4305,Ann Ouma,2025-07,0.0,113047.82
4305,Ann Ouma,2025-08,45094.86,140586.63
4305,Ann Ouma,2025-09,45708.11,104747.31
4305,Ann Ouma,2025-10,55996.34,107276.1
4305,Ann Ouma,2025-11,4107.38,105889.48
4305,Ann Ouma,2025-12,14217.1,120481.3
4315,Cynthia Obiero,2025-01,69949.11,149283.38999999998
4315,Cynthia Obiero,2025-02,4714.1,107037.76
4315,Cynthia Obiero,2025-03,3166.75,108468.5
4315,Cynthia Obiero,2025-04,44581.57,114149.4
4315,Cynthia Obiero,2025-05,95925.41,107232.64
4315,Cynthia Obiero,2025-06,43455.39,106421.5
4315,Cynthia Obiero,2025-07,70458.38,116029.37
4315,Cynthia Obiero,2025-08,27630.3,174547.72
4315,Cynthia Obiero,2025-09,26099.1,111796.55
4315,Cynthia Obiero,2025-10,46712.380000000005,148235.01
4315,Cynthia Obiero,2025-11,45252.37,104773.77
4315,Cynthia Obiero,2025-12,66116.91,104861.76
4397,Wanja Njoroge,2025-01,19437.29,172650.3
4397,Wanja Njoroge,2025-02,13599.36,172860.03
4397,Wanja Njoroge,2025-03,37245.409999999996,192742.88
4397,Wanja Njoroge,2025-04,35303.619999999995,179220.93
4397,Wanja Njoroge,2025-05,43746.64,326491.4
4397,Wanja Njoroge,2025-06,37097.53999999999,249146.78
4397,Wanja Njoroge,2025-07,25360.59,176431.34
4397,Wanja Njoroge,2025-08,52911.2,278250.19
4397,Wanja Njoroge,2025-09,66741.42,173121.87
4397,Wanja Njoroge,2025-10,19091.96,234983.07
4397,Wanja Njoroge,2025-11,40488.29,226511.66
4397,Wanja Njoroge,2025-12,26080.18,238411.29
4471,Tom Kamau,2025-01,17957.95,280123.81
4471,Tom Kamau,2025-02,36681.42,197676.29
4471,Tom Kamau,2025-03,8673.09,269837.16
4471,Tom Kamau,2025-04,49671.83,269992.45
4471,Tom Kamau,2025-05,41410.59,208650.9
4471,Tom Kamau,2025-06,31436.28,236290.12
4471,Tom Kamau,2025-07,26647.370000000003,218712.38
4471,Tom Kamau,2025-08,38759.1,212429.91
4471,Tom Kamau,2025-09,39747.32,228188.55
4471,Tom Kamau,2025-10,19741.47,337799.45
4471,Tom Kamau,2025-11,40322.15,311316.16
4471,Tom Kamau,2025-12,21131.75,208347.86
4529,Joy Njoroge,2025-01,62349.96,210532.99
4529,Joy Njoroge,2025-02,19749.54,292871.79
4529,Joy Njoroge,2025-03,12963.41,193435.54
4529,Joy Njoroge,2025-04,4301.38,224673.7
4529,Joy Njoroge,2025-05,32213.1,307093.69
4529,Joy Njoroge,2025-06,50499.5,228691.86
4529,Joy Njoroge,2025-07,24469.9,190060.15
4529,Joy Njoroge,2025-08,0.0,192250.75
4529,Joy Njoroge,2025-09,46962.78,206914.07
4529,Joy Njoroge,2025-10,43994.04,283212.44
4529,Joy Njoroge,2025-11,44352.84,211014.48
4529,Joy Njoroge,2025-12,22938.22,214540.28
4560,Mercy Koech,2025-01,18827.7,194492.49
4560,Mercy Koech,2025-02,10068.56,203379.17
4560,Mercy Koech,2025-03,3698.93,190814.46
4560,Mercy Koech,2025-04,65760.45999999999,187768.82
4560,Mercy Koech,2025-05,62622.23,236827.44
4560,Mercy Koech,2025-06,52638.39,184377.22
4560,Mercy Koech,2025-07,30180.93,311929.93
4560,Mercy Koech,2025-08,0.0,185419.82
4560,Mercy Koech,2025-09,27980.969999999998,173404.17
4560,Mercy Koech,2025-10,13604.69,243341.44
4560,Mercy Koech,2025-11,30578.03,180222.22
4560,Mercy Koech,2025-12,36315.83,172252.05
4626,George Wafula,2025-01,0.0,127478.17
4626,George Wafula,2025-02,14247.8,162612.88999999998
4626,George Wafula,2025-03,0.0,137400.54
4626,George Wafula,2025-04,0.0,123542.26
4626,George Wafula,2025-05,0.0,148233.23
4626,George Wafula,2025-06,5577.02,124669.27
4626,George Wafula,2025-07,27379.42,150566.16
4626,George Wafula,2025-08,18279.05,125174.83
4626,George Wafula,2025-09,53315.049999999996,142793.34000000003
4626,George Wafula,2025-10,22618.1,172075.54
4626,George Wafula,2025-11,15313.3,130494.64
4626,George Wafula,2025-12,38401.79,144583.67
4654,Daniel Wafula,2025-01,17825.78,213610.89
4654,Daniel Wafula,2025-02,27179.02,193481.33
4654,Daniel Wafula,2025-03,27547.22,205086.47
4654,Daniel Wafula,2025-04,4832.26,259273.7
4654,Daniel Wafula,2025-05,10031.97,198201.05
4654,Daniel Wafula,2025-06,23797.97,256217.54
4654,Daniel Wafula,2025-07,4356.02,368274.32
4654,Daniel Wafula,2025-08,40075.79,205110.29
4654,Daniel Wafula,2025-09,70288.29000000001,228361.42
4654,Daniel Wafula,2025-10,40050.57,258452.14
4654,Daniel Wafula,2025-11,26600.84,197601.65
4654,Daniel Wafula,2025-12,22743.48,219189.74
4777,Ruth Koech,2025-01,13013.03,167810.75
4777,Ruth Koech,2025-02,40527.24,188723.77
4777,Ruth Koech,2025-03,72182.39,236977.08000000002
4777,Ruth Koech,2025-04,33748.380000000005,239257.31
4777,Ruth Koech,2025-05,30064.0,174818.69
4777,Ruth Koech,2025-06,8467.67,246817.35
4777,Ruth Koech,2025-07,26055.7,221003.58000000002
4777,Ruth Koech,2025-08,15663.42,226062.31
4777,Ruth Koech,2025-09,73637.77,192495.58
4777,Ruth Koech,2025-10,15228.67,199485.68
4777,Ruth Koech,2025-11,17612.49,261785.88
4777,Ruth Koech,2025-12,3998.66,243965.72999999998
4920,Brenda Kilonzo,2025-01,26721.190000000002,333379.71
4920,Brenda Kilonzo,2025-02,24633.61,250046.5
4920,Brenda Kilonzo,2025-03,35403.13,265713.11
4920,Brenda Kilonzo,2025-04,24331.66,304442.16
4920,Brenda Kilonzo,2025-05,52882.810000000005,320897.7
4920,Brenda Kilonzo,2025-06,4745.05,257313.52
4920,Brenda Kilonzo,2025-07,14607.58,293101.92
4920,Brenda Kilonzo,2025-08,14891.01,415514.7
4920,Brenda Kilonzo,2025-09,47603.56,223370.9
4920,Brenda Kilonzo,2025-10,6022.35,249433.09
4920,Brenda Kilonzo,2025-11,43458.71,326185.96
4920,Brenda Kilonzo,2025-12,27059.11,313312.45
4985,Mwende Ouma,2025-01,14833.59,338286.09
4985,Mwende Ouma,2025-02,8672.26,182642.69
4985,Mwende Ouma,2025-03,12315.400000000001,255255.49
4985,Mwende Ouma,2025-04,25828.550000000003,220963.85
4985,Mwende Ouma,2025-05,16275.62,319133.91
4985,Mwende Ouma,2025-06,17724.25,220213.67
4985,Mwende Ouma,2025-07,34536.36,197331.48
4985,Mwende Ouma,2025-08,4882.73,187427.23
4985,Mwende Ouma,2025-09,31806.36,204728.8
4985,Mwende Ouma,2025-10,31405.7,255121.72999999998
4985,Mwende Ouma,2025-11,39758.0,273891.36
4985,Mwende Ouma,2025-12,0.0,184673.75
